query,intent
We want to schedule a full body checkup.,book_test
Can I book a thyroid test for next Monday?,book_test
Schedule a health checkup appointment.,book_test
Can you help me set up an X-ray appointment?,book_test
Arrange an ECG test for me.,book_test
"We need a test, but We'm not sure when.",book_test
Book a test for diabetes screening.,book_test
"I need a test, but I'm not sure when.",book_test
Could you help me set up an X-ray appointment?,book_test
I'd like to book a health checkup but need advice on timing.,book_test
Could you book an MRWe scan for me?,book_test
I want to schedule a full body checkup.,book_test
Could you book an MRWe scan for me?,book_test
"We need a test, but We'm not sure when.",book_test
We'd like to book a health checkup but need advice on timing.,book_test
Can I book a thyroid test for next Monday?,book_test
We’d like to book a cholesterol test.,book_test
"We need a test, but We'm not sure when.",book_test
Arrange an ECG test for me.,book_test
Can you book an MRI scan for me?,book_test
We'd like to book a health checkup but need advice on timing.,book_test
I need to schedule a blood test.,book_test
Schedule a health checkup appointment.,book_test
Schedule a health checkup appointment.,book_test
Book a test for diabetes screening.,book_test
Book a test for diabetes screening.,book_test
Schedule a health checkup appointment.,book_test
I want to schedule a full body checkup.,book_test
We need to schedule a blood test.,book_test
Can We book a thyroid test for next Monday?,book_test
I want to schedule a full body checkup.,book_test
I’d like to book a cholesterol test.,book_test
"We need a test, but We'm not sure when.",book_test
I’d like to book a cholesterol test.,book_test
We want to arrange a COVWeD-19 test.,book_test
Can you help me set up an X-ray appointment?,book_test
Book a test for diabetes screening.,book_test
I need to schedule a blood test.,book_test
Can We book a thyroid test for next Monday?,book_test
Can you book an MRI scan for me?,book_test
I'd like to book a health checkup but need advice on timing.,book_test
Arrange an ECG test for me.,book_test
We need to schedule a blood test.,book_test
I want to schedule a full body checkup.,book_test
"I need a test, but I'm not sure when.",book_test
We want to arrange a COVWeD-19 test.,book_test
Can you help me set up an X-ray appointment?,book_test
I want to arrange a COVID-19 test.,book_test
"I need a test, but I'm not sure when.",book_test
Can you book an MRI scan for me?,book_test
Book a test for diabetes screening.,book_test
We need to schedule a blood test.,book_test
Could you book an MRWe scan for me?,book_test
Schedule a health checkup appointment.,book_test
We want to arrange a COVWeD-19 test.,book_test
Could you book an MRWe scan for me?,book_test
I want to schedule a full body checkup.,book_test
Can you book an MRI scan for me?,book_test
We want to arrange a COVWeD-19 test.,book_test
Can I book a thyroid test for next Monday?,book_test
We want to arrange a COVWeD-19 test.,book_test
Can you help me set up an X-ray appointment?,book_test
Schedule a health checkup appointment.,book_test
We want to arrange a COVWeD-19 test.,book_test
I’d like to book a cholesterol test.,book_test
Can you book an MRI scan for me?,book_test
Book a test for diabetes screening.,book_test
I want to schedule a full body checkup.,book_test
I want to schedule a full body checkup.,book_test
We want to arrange a COVWeD-19 test.,book_test
Can you book an MRI scan for me?,book_test
"We need a test, but We'm not sure when.",book_test
We'd like to book a health checkup but need advice on timing.,book_test
Schedule a health checkup appointment.,book_test
I’d like to book a cholesterol test.,book_test
I’d like to book a cholesterol test.,book_test
Can you book an MRI scan for me?,book_test
"I need a test, but I'm not sure when.",book_test
I’d like to book a cholesterol test.,book_test
Book a test for diabetes screening.,book_test
Can you help me set up an X-ray appointment?,book_test
"I need a test, but I'm not sure when.",book_test
"I need a test, but I'm not sure when.",book_test
Can you book an MRI scan for me?,book_test
I’d like to book a cholesterol test.,book_test
We want to arrange a COVWeD-19 test.,book_test
I need to schedule a blood test.,book_test
Book a test for diabetes screening.,book_test
Arrange an ECG test for me.,book_test
I'd like to book a health checkup but need advice on timing.,book_test
"I need a test, but I'm not sure when.",book_test
Can you help me set up an X-ray appointment?,book_test
We'd like to book a health checkup but need advice on timing.,book_test
We want to arrange a COVWeD-19 test.,book_test
Book a test for diabetes screening.,book_test
I want to schedule a full body checkup.,book_test
We want to schedule a full body checkup.,book_test
We want to arrange a COVWeD-19 test.,book_test
Arrange an ECG test for me.,book_test
We want to schedule a full body checkup.,book_test
Arrange an ECG test for me.,book_test
I want to schedule a full body checkup.,book_test
Schedule a health checkup appointment.,book_test
"I need a test, but I'm not sure when.",book_test
"I need a test, but I'm not sure when.",book_test
Could you help me set up an X-ray appointment?,book_test
I'd like to book a health checkup but need advice on timing.,book_test
Schedule a health checkup appointment.,book_test
I need to schedule a blood test.,book_test
Schedule a health checkup appointment.,book_test
"I need a test, but I'm not sure when.",book_test
Can you book an MRI scan for me?,book_test
Book a test for diabetes screening.,book_test
I’d like to book a cholesterol test.,book_test
We'd like to book a health checkup but need advice on timing.,book_test
I want to arrange a COVID-19 test.,book_test
I'd like to book a health checkup but need advice on timing.,book_test
Schedule a health checkup appointment.,book_test
"We need a test, but We'm not sure when.",book_test
Can you book an MRI scan for me?,book_test
Could you help me set up an X-ray appointment?,book_test
Arrange an ECG test for me.,book_test
I'd like to book a health checkup but need advice on timing.,book_test
We want to schedule a full body checkup.,book_test
Arrange an ECG test for me.,book_test
"I need a test, but I'm not sure when.",book_test
I’d like to book a cholesterol test.,book_test
I want to arrange a COVID-19 test.,book_test
We want to schedule a full body checkup.,book_test
I'd like to book a health checkup but need advice on timing.,book_test
Schedule a health checkup appointment.,book_test
We want to arrange a COVWeD-19 test.,book_test
I'd like to book a health checkup but need advice on timing.,book_test
Can We book a thyroid test for next Monday?,book_test
I want to schedule a full body checkup.,book_test
Book a test for diabetes screening.,book_test
Can you book an MRI scan for me?,book_test
Schedule a health checkup appointment.,book_test
Can I book a thyroid test for next Monday?,book_test
Can you book an MRI scan for me?,book_test
I want to arrange a COVID-19 test.,book_test
Arrange an ECG test for me.,book_test
Could you book an MRWe scan for me?,book_test
Arrange an ECG test for me.,book_test
We want to schedule a full body checkup.,book_test
Book a test for diabetes screening.,book_test
I’d like to book a cholesterol test.,book_test
I'd like to book a health checkup but need advice on timing.,book_test
We’d like to book a cholesterol test.,book_test
Book a test for diabetes screening.,book_test
Can you book an MRI scan for me?,book_test
Can you book an MRI scan for me?,book_test
Book a test for diabetes screening.,book_test
We want to arrange a COVWeD-19 test.,book_test
Can you book an MRI scan for me?,book_test
Book a test for diabetes screening.,book_test
Book a test for diabetes screening.,book_test
Schedule a health checkup appointment.,book_test
Arrange an ECG test for me.,book_test
Schedule a health checkup appointment.,book_test
Can I book a thyroid test for next Monday?,book_test
"I need a test, but I'm not sure when.",book_test
We’d like to book a cholesterol test.,book_test
Book a test for diabetes screening.,book_test
Schedule a health checkup appointment.,book_test
Schedule a health checkup appointment.,book_test
I’d like to book a cholesterol test.,book_test
Schedule a health checkup appointment.,book_test
I need to schedule a blood test.,book_test
I want to schedule a full body checkup.,book_test
"I need a test, but I'm not sure when.",book_test
I’d like to book a cholesterol test.,book_test
Can you book an MRI scan for me?,book_test
Book a test for diabetes screening.,book_test
I need to schedule a blood test.,book_test
We need to schedule a blood test.,book_test
Could you help me set up an X-ray appointment?,book_test
Can I book a thyroid test for next Monday?,book_test
I want to schedule a full body checkup.,book_test
Could you book an MRWe scan for me?,book_test
Book a test for diabetes screening.,book_test
We want to schedule a full body checkup.,book_test
"I need a test, but I'm not sure when.",book_test
We need to schedule a blood test.,book_test
"We need a test, but We'm not sure when.",book_test
Book a test for diabetes screening.,book_test
Schedule a health checkup appointment.,book_test
Schedule a health checkup appointment.,book_test
Can you book an MRI scan for me?,book_test
"I need a test, but I'm not sure when.",book_test
Can I book a thyroid test for next Monday?,book_test
Schedule a health checkup appointment.,book_test
I'd like to book a health checkup but need advice on timing.,book_test
"I need a test, but I'm not sure when.",book_test
I’d like to book a cholesterol test.,book_test
I’d like to book a cholesterol test.,book_test
Arrange an ECG test for me.,book_test
We want to schedule a full body checkup.,book_test
I'd like to book a health checkup but need advice on timing.,book_test
"We need a test, but We'm not sure when.",book_test
"I might not be available for my appointment, what should I do?",cancel_appointment
We need to reschedule the doctor’s appointment.,cancel_appointment
"We won’t be available for the X-ray tomorrow, cancel it.",cancel_appointment
"We won’t be available for the X-ray tomorrow, cancel it.",cancel_appointment
"I won’t be available for the X-ray tomorrow, cancel it.",cancel_appointment
"I won’t be available for the X-ray tomorrow, cancel it.",cancel_appointment
Can you cancel my cholesterol test?,cancel_appointment
I want to cancel but also rebook for another day.,cancel_appointment
Can We cancel if We change the mind later?,cancel_appointment
"I won’t be available for the X-ray tomorrow, cancel it.",cancel_appointment
"I can’t make it to my MRI scan, please cancel.",cancel_appointment
I don’t need my health screening appointment anymore.,cancel_appointment
I don’t need my health screening appointment anymore.,cancel_appointment
Please remove my upcoming thyroid checkup from the schedule.,cancel_appointment
"I might not be available for my appointment, what should I do?",cancel_appointment
"I might not be available for my appointment, what should I do?",cancel_appointment
I need to reschedule my doctor’s appointment.,cancel_appointment
Can you cancel my cholesterol test?,cancel_appointment
Cancel the blood test appointment.,cancel_appointment
I need to reschedule my doctor’s appointment.,cancel_appointment
"I won’t be available for the X-ray tomorrow, cancel it.",cancel_appointment
We need to reschedule the doctor’s appointment.,cancel_appointment
Can We cancel if We change the mind later?,cancel_appointment
We need to reschedule the doctor’s appointment.,cancel_appointment
"I won’t be available for the X-ray tomorrow, cancel it.",cancel_appointment
"I won’t be available for the X-ray tomorrow, cancel it.",cancel_appointment
Could you cancel the cholesterol test?,cancel_appointment
"I might not be available for my appointment, what should I do?",cancel_appointment
"I won’t be available for the X-ray tomorrow, cancel it.",cancel_appointment
I want to cancel but also rebook for another day.,cancel_appointment
"I might not be available for my appointment, what should I do?",cancel_appointment
Can We cancel if We change the mind later?,cancel_appointment
"I might not be available for my appointment, what should I do?",cancel_appointment
We want to cancel but also rebook for another day.,cancel_appointment
"I won’t be available for the X-ray tomorrow, cancel it.",cancel_appointment
"I won’t be available for the X-ray tomorrow, cancel it.",cancel_appointment
Please remove my upcoming thyroid checkup from the schedule.,cancel_appointment
Please remove the upcoming thyroid checkup from the schedule.,cancel_appointment
Can We cancel if We change the mind later?,cancel_appointment
"I can’t make it to my MRI scan, please cancel.",cancel_appointment
"I can’t make it to my MRI scan, please cancel.",cancel_appointment
"I might not be available for my appointment, what should I do?",cancel_appointment
"I might not be available for my appointment, what should I do?",cancel_appointment
"I might not be available for my appointment, what should I do?",cancel_appointment
Cancel the blood test appointment.,cancel_appointment
We need to reschedule the doctor’s appointment.,cancel_appointment
I want to cancel but also rebook for another day.,cancel_appointment
"We might not be available for the appointment, what should We do?",cancel_appointment
We need to reschedule the doctor’s appointment.,cancel_appointment
"We won’t be available for the X-ray tomorrow, cancel it.",cancel_appointment
Cancel the blood test appointment.,cancel_appointment
I need to reschedule my doctor’s appointment.,cancel_appointment
I don’t need my health screening appointment anymore.,cancel_appointment
I want to cancel but also rebook for another day.,cancel_appointment
Can you cancel my cholesterol test?,cancel_appointment
I don’t need my health screening appointment anymore.,cancel_appointment
Can I cancel if I change my mind later?,cancel_appointment
Can I cancel if I change my mind later?,cancel_appointment
I don’t need my health screening appointment anymore.,cancel_appointment
I don’t need my health screening appointment anymore.,cancel_appointment
"We won’t be available for the X-ray tomorrow, cancel it.",cancel_appointment
Cancel my blood test appointment.,cancel_appointment
I want to cancel but also rebook for another day.,cancel_appointment
Can you cancel my cholesterol test?,cancel_appointment
I need to reschedule my doctor’s appointment.,cancel_appointment
"I might not be available for my appointment, what should I do?",cancel_appointment
Cancel my blood test appointment.,cancel_appointment
Please remove my upcoming thyroid checkup from the schedule.,cancel_appointment
"We won’t be available for the X-ray tomorrow, cancel it.",cancel_appointment
"I can’t make it to my MRI scan, please cancel.",cancel_appointment
I need to reschedule my doctor’s appointment.,cancel_appointment
We don’t need the health screening appointment anymore.,cancel_appointment
"We might not be available for the appointment, what should We do?",cancel_appointment
I want to cancel but also rebook for another day.,cancel_appointment
We don’t need the health screening appointment anymore.,cancel_appointment
Can I cancel if I change my mind later?,cancel_appointment
Can you cancel my cholesterol test?,cancel_appointment
"I won’t be available for the X-ray tomorrow, cancel it.",cancel_appointment
I need to reschedule my doctor’s appointment.,cancel_appointment
Could you cancel the cholesterol test?,cancel_appointment
"We can’t make it to the MRWe scan, please cancel.",cancel_appointment
"I can’t make it to my MRI scan, please cancel.",cancel_appointment
"I might not be available for my appointment, what should I do?",cancel_appointment
Could you cancel the cholesterol test?,cancel_appointment
"We might not be available for the appointment, what should We do?",cancel_appointment
Please remove my upcoming thyroid checkup from the schedule.,cancel_appointment
"I might not be available for my appointment, what should I do?",cancel_appointment
"I won’t be available for the X-ray tomorrow, cancel it.",cancel_appointment
Please remove my upcoming thyroid checkup from the schedule.,cancel_appointment
I need to reschedule my doctor’s appointment.,cancel_appointment
We don’t need the health screening appointment anymore.,cancel_appointment
I don’t need my health screening appointment anymore.,cancel_appointment
We want to cancel but also rebook for another day.,cancel_appointment
I don’t need my health screening appointment anymore.,cancel_appointment
"I can’t make it to my MRI scan, please cancel.",cancel_appointment
Please remove my upcoming thyroid checkup from the schedule.,cancel_appointment
We need to reschedule the doctor’s appointment.,cancel_appointment
"We might not be available for the appointment, what should We do?",cancel_appointment
"I can’t make it to my MRI scan, please cancel.",cancel_appointment
Can you cancel my cholesterol test?,cancel_appointment
I need to reschedule my doctor’s appointment.,cancel_appointment
Can you cancel my cholesterol test?,cancel_appointment
"I might not be available for my appointment, what should I do?",cancel_appointment
"I won’t be available for the X-ray tomorrow, cancel it.",cancel_appointment
Can I cancel if I change my mind later?,cancel_appointment
Cancel my blood test appointment.,cancel_appointment
"I won’t be available for the X-ray tomorrow, cancel it.",cancel_appointment
Cancel the blood test appointment.,cancel_appointment
Please remove the upcoming thyroid checkup from the schedule.,cancel_appointment
I don’t need my health screening appointment anymore.,cancel_appointment
We want to cancel but also rebook for another day.,cancel_appointment
"I can’t make it to my MRI scan, please cancel.",cancel_appointment
"I won’t be available for the X-ray tomorrow, cancel it.",cancel_appointment
I need to reschedule my doctor’s appointment.,cancel_appointment
I need to reschedule my doctor’s appointment.,cancel_appointment
"I can’t make it to my MRI scan, please cancel.",cancel_appointment
I want to cancel but also rebook for another day.,cancel_appointment
I want to cancel but also rebook for another day.,cancel_appointment
Cancel my blood test appointment.,cancel_appointment
We want to cancel but also rebook for another day.,cancel_appointment
We don’t need the health screening appointment anymore.,cancel_appointment
We don’t need the health screening appointment anymore.,cancel_appointment
Please remove the upcoming thyroid checkup from the schedule.,cancel_appointment
Can We cancel if We change the mind later?,cancel_appointment
I want to cancel but also rebook for another day.,cancel_appointment
"I won’t be available for the X-ray tomorrow, cancel it.",cancel_appointment
Can I cancel if I change my mind later?,cancel_appointment
"I can’t make it to my MRI scan, please cancel.",cancel_appointment
Cancel my blood test appointment.,cancel_appointment
I don’t need my health screening appointment anymore.,cancel_appointment
"I might not be available for my appointment, what should I do?",cancel_appointment
Can We cancel if We change the mind later?,cancel_appointment
"I won’t be available for the X-ray tomorrow, cancel it.",cancel_appointment
"I won’t be available for the X-ray tomorrow, cancel it.",cancel_appointment
Please remove my upcoming thyroid checkup from the schedule.,cancel_appointment
I don’t need my health screening appointment anymore.,cancel_appointment
Cancel the blood test appointment.,cancel_appointment
"I might not be available for my appointment, what should I do?",cancel_appointment
Can I cancel if I change my mind later?,cancel_appointment
Cancel my blood test appointment.,cancel_appointment
Please remove my upcoming thyroid checkup from the schedule.,cancel_appointment
I want to cancel but also rebook for another day.,cancel_appointment
"I can’t make it to my MRI scan, please cancel.",cancel_appointment
I need to reschedule my doctor’s appointment.,cancel_appointment
"I might not be available for my appointment, what should I do?",cancel_appointment
I don’t need my health screening appointment anymore.,cancel_appointment
I don’t need my health screening appointment anymore.,cancel_appointment
"We might not be available for the appointment, what should We do?",cancel_appointment
I don’t need my health screening appointment anymore.,cancel_appointment
We need to reschedule the doctor’s appointment.,cancel_appointment
Can I cancel if I change my mind later?,cancel_appointment
I need to reschedule my doctor’s appointment.,cancel_appointment
Cancel the blood test appointment.,cancel_appointment
I need to reschedule my doctor’s appointment.,cancel_appointment
Cancel my blood test appointment.,cancel_appointment
Cancel my blood test appointment.,cancel_appointment
Can I cancel if I change my mind later?,cancel_appointment
"I won’t be available for the X-ray tomorrow, cancel it.",cancel_appointment
I need to reschedule my doctor’s appointment.,cancel_appointment
Please remove my upcoming thyroid checkup from the schedule.,cancel_appointment
Please remove the upcoming thyroid checkup from the schedule.,cancel_appointment
Please remove my upcoming thyroid checkup from the schedule.,cancel_appointment
I want to cancel but also rebook for another day.,cancel_appointment
We need to reschedule the doctor’s appointment.,cancel_appointment
"We might not be available for the appointment, what should We do?",cancel_appointment
"I might not be available for my appointment, what should I do?",cancel_appointment
I need to reschedule my doctor’s appointment.,cancel_appointment
I need to reschedule my doctor’s appointment.,cancel_appointment
I need to reschedule my doctor’s appointment.,cancel_appointment
"I might not be available for my appointment, what should I do?",cancel_appointment
I want to cancel but also rebook for another day.,cancel_appointment
I want to cancel but also rebook for another day.,cancel_appointment
"I might not be available for my appointment, what should I do?",cancel_appointment
Can I cancel if I change my mind later?,cancel_appointment
Can We cancel if We change the mind later?,cancel_appointment
We don’t need the health screening appointment anymore.,cancel_appointment
"I won’t be available for the X-ray tomorrow, cancel it.",cancel_appointment
I need to reschedule my doctor’s appointment.,cancel_appointment
Could you cancel the cholesterol test?,cancel_appointment
Please remove my upcoming thyroid checkup from the schedule.,cancel_appointment
"I can’t make it to my MRI scan, please cancel.",cancel_appointment
Please remove my upcoming thyroid checkup from the schedule.,cancel_appointment
Can I cancel if I change my mind later?,cancel_appointment
We don’t need the health screening appointment anymore.,cancel_appointment
"I can’t make it to my MRI scan, please cancel.",cancel_appointment
"I might not be available for my appointment, what should I do?",cancel_appointment
"We might not be available for the appointment, what should We do?",cancel_appointment
Please remove the upcoming thyroid checkup from the schedule.,cancel_appointment
"I can’t make it to my MRI scan, please cancel.",cancel_appointment
I need to reschedule my doctor’s appointment.,cancel_appointment
We need to reschedule the doctor’s appointment.,cancel_appointment
I want to cancel but also rebook for another day.,cancel_appointment
I don’t need my health screening appointment anymore.,cancel_appointment
Could you cancel the cholesterol test?,cancel_appointment
"We won’t be available for the X-ray tomorrow, cancel it.",cancel_appointment
Can I cancel if I change my mind later?,cancel_appointment
"I might not be available for my appointment, what should I do?",cancel_appointment
"We won’t be available for the X-ray tomorrow, cancel it.",cancel_appointment
"We might not be available for the appointment, what should We do?",cancel_appointment
"I can’t make it to my MRI scan, please cancel.",cancel_appointment
I need insights on my latest MRI report.,analyze_report
What does my cholesterol report say?,analyze_report
We need insights on the latest MRWe report.,analyze_report
Check my ECG report and give me feedback.,analyze_report
What does my cholesterol report say?,analyze_report
Help me understand my thyroid levels.,analyze_report
Give me an analysis of my health checkup results.,analyze_report
How do I interpret my latest medical report?,analyze_report
What does the cholesterol report say?,analyze_report
I need insights on my latest MRI report.,analyze_report
Do We need to be concerned about the sugar test results?,analyze_report
What does my cholesterol report say?,analyze_report
How do We interpret the latest medical report?,analyze_report
Can you analyze my blood test results?,analyze_report
Help me understand the thyroid levels.,analyze_report
Help me understand my thyroid levels.,analyze_report
We need insights on the latest MRWe report.,analyze_report
I need insights on my latest MRI report.,analyze_report
Check the ECG report and give me feedback.,analyze_report
Do I need to be concerned about my sugar test results?,analyze_report
Do I need to be concerned about my sugar test results?,analyze_report
What does the cholesterol report say?,analyze_report
We need insights on the latest MRWe report.,analyze_report
We need insights on the latest MRWe report.,analyze_report
Can you analyze my blood test results?,analyze_report
Check my ECG report and give me feedback.,analyze_report
Give me an analysis of my health checkup results.,analyze_report
I need insights on my latest MRI report.,analyze_report
"I have uploaded my blood work, what does it indicate?",analyze_report
Check the ECG report and give me feedback.,analyze_report
Help me understand my thyroid levels.,analyze_report
How do I interpret my latest medical report?,analyze_report
"I have uploaded my blood work, what does it indicate?",analyze_report
Check the ECG report and give me feedback.,analyze_report
Do We need to be concerned about the sugar test results?,analyze_report
"I have uploaded my blood work, what does it indicate?",analyze_report
I need insights on my latest MRI report.,analyze_report
What does the cholesterol report say?,analyze_report
Can you provide insights on my overall health report?,analyze_report
I need insights on my latest MRI report.,analyze_report
Do We need to be concerned about the sugar test results?,analyze_report
How do I interpret my latest medical report?,analyze_report
Help me understand the thyroid levels.,analyze_report
Can you provide insights on my overall health report?,analyze_report
How do We interpret the latest medical report?,analyze_report
Do I need to be concerned about my sugar test results?,analyze_report
Can you provide insights on my overall health report?,analyze_report
"I have uploaded my blood work, what does it indicate?",analyze_report
"I have uploaded my blood work, what does it indicate?",analyze_report
What does my cholesterol report say?,analyze_report
Give me an analysis of my health checkup results.,analyze_report
What does my cholesterol report say?,analyze_report
Give me an analysis of my health checkup results.,analyze_report
I need insights on my latest MRI report.,analyze_report
Could you analyze the blood test results?,analyze_report
"I have uploaded my blood work, what does it indicate?",analyze_report
Check the ECG report and give me feedback.,analyze_report
Help me understand my thyroid levels.,analyze_report
Check my ECG report and give me feedback.,analyze_report
How do I interpret my latest medical report?,analyze_report
Give me an analysis of my health checkup results.,analyze_report
Check my ECG report and give me feedback.,analyze_report
Could you provide insights on the overall health report?,analyze_report
Give me an analysis of the health checkup results.,analyze_report
Help me understand my thyroid levels.,analyze_report
Give me an analysis of my health checkup results.,analyze_report
Check the ECG report and give me feedback.,analyze_report
Can you provide insights on my overall health report?,analyze_report
Check my ECG report and give me feedback.,analyze_report
Can you analyze my blood test results?,analyze_report
Can you provide insights on my overall health report?,analyze_report
Help me understand my thyroid levels.,analyze_report
"We have uploaded the blood work, what does it indicate?",analyze_report
Can you analyze my blood test results?,analyze_report
Check the ECG report and give me feedback.,analyze_report
Give me an analysis of my health checkup results.,analyze_report
Help me understand my thyroid levels.,analyze_report
Give me an analysis of my health checkup results.,analyze_report
Can you provide insights on my overall health report?,analyze_report
Give me an analysis of my health checkup results.,analyze_report
How do I interpret my latest medical report?,analyze_report
Do We need to be concerned about the sugar test results?,analyze_report
"I have uploaded my blood work, what does it indicate?",analyze_report
Help me understand my thyroid levels.,analyze_report
Could you provide insights on the overall health report?,analyze_report
How do We interpret the latest medical report?,analyze_report
Can you provide insights on my overall health report?,analyze_report
"I have uploaded my blood work, what does it indicate?",analyze_report
What does my cholesterol report say?,analyze_report
Check the ECG report and give me feedback.,analyze_report
What does the cholesterol report say?,analyze_report
Could you analyze the blood test results?,analyze_report
Can you analyze my blood test results?,analyze_report
Help me understand my thyroid levels.,analyze_report
Give me an analysis of the health checkup results.,analyze_report
What does the cholesterol report say?,analyze_report
Can you analyze my blood test results?,analyze_report
Could you analyze the blood test results?,analyze_report
"I have uploaded my blood work, what does it indicate?",analyze_report
Do I need to be concerned about my sugar test results?,analyze_report
How do I interpret my latest medical report?,analyze_report
Could you provide insights on the overall health report?,analyze_report
Can you analyze my blood test results?,analyze_report
Can you provide insights on my overall health report?,analyze_report
Check my ECG report and give me feedback.,analyze_report
Can you analyze my blood test results?,analyze_report
"We have uploaded the blood work, what does it indicate?",analyze_report
Give me an analysis of the health checkup results.,analyze_report
I need insights on my latest MRI report.,analyze_report
Can you analyze my blood test results?,analyze_report
Can you provide insights on my overall health report?,analyze_report
Could you analyze the blood test results?,analyze_report
Can you provide insights on my overall health report?,analyze_report
Can you analyze my blood test results?,analyze_report
Give me an analysis of the health checkup results.,analyze_report
Do We need to be concerned about the sugar test results?,analyze_report
Do We need to be concerned about the sugar test results?,analyze_report
How do I interpret my latest medical report?,analyze_report
"I have uploaded my blood work, what does it indicate?",analyze_report
I need insights on my latest MRI report.,analyze_report
We need insights on the latest MRWe report.,analyze_report
Give me an analysis of my health checkup results.,analyze_report
How do I interpret my latest medical report?,analyze_report
"I have uploaded my blood work, what does it indicate?",analyze_report
Help me understand the thyroid levels.,analyze_report
Check my ECG report and give me feedback.,analyze_report
Help me understand the thyroid levels.,analyze_report
I need insights on my latest MRI report.,analyze_report
What does the cholesterol report say?,analyze_report
What does my cholesterol report say?,analyze_report
Can you provide insights on my overall health report?,analyze_report
How do I interpret my latest medical report?,analyze_report
Check the ECG report and give me feedback.,analyze_report
Give me an analysis of my health checkup results.,analyze_report
Can you analyze my blood test results?,analyze_report
Can you provide insights on my overall health report?,analyze_report
Can you provide insights on my overall health report?,analyze_report
Can you provide insights on my overall health report?,analyze_report
Do I need to be concerned about my sugar test results?,analyze_report
Can you provide insights on my overall health report?,analyze_report
How do I interpret my latest medical report?,analyze_report
Do I need to be concerned about my sugar test results?,analyze_report
Could you provide insights on the overall health report?,analyze_report
What does the cholesterol report say?,analyze_report
Do I need to be concerned about my sugar test results?,analyze_report
Can you provide insights on my overall health report?,analyze_report
I need insights on my latest MRI report.,analyze_report
How do I interpret my latest medical report?,analyze_report
"I have uploaded my blood work, what does it indicate?",analyze_report
How do I interpret my latest medical report?,analyze_report
Do I need to be concerned about my sugar test results?,analyze_report
How do We interpret the latest medical report?,analyze_report
Could you analyze the blood test results?,analyze_report
Can you provide insights on my overall health report?,analyze_report
Could you analyze the blood test results?,analyze_report
Check the ECG report and give me feedback.,analyze_report
Check my ECG report and give me feedback.,analyze_report
How do I interpret my latest medical report?,analyze_report
Check my ECG report and give me feedback.,analyze_report
Help me understand the thyroid levels.,analyze_report
Help me understand my thyroid levels.,analyze_report
What does my cholesterol report say?,analyze_report
Could you analyze the blood test results?,analyze_report
How do I interpret my latest medical report?,analyze_report
Can you provide insights on my overall health report?,analyze_report
"I have uploaded my blood work, what does it indicate?",analyze_report
Check the ECG report and give me feedback.,analyze_report
Do I need to be concerned about my sugar test results?,analyze_report
I need insights on my latest MRI report.,analyze_report
Check my ECG report and give me feedback.,analyze_report
Can you provide insights on my overall health report?,analyze_report
Check my ECG report and give me feedback.,analyze_report
Check my ECG report and give me feedback.,analyze_report
Do We need to be concerned about the sugar test results?,analyze_report
Can you analyze my blood test results?,analyze_report
Could you provide insights on the overall health report?,analyze_report
Do We need to be concerned about the sugar test results?,analyze_report
Can you provide insights on my overall health report?,analyze_report
Can you analyze my blood test results?,analyze_report
Can you provide insights on my overall health report?,analyze_report
I need insights on my latest MRI report.,analyze_report
What does my cholesterol report say?,analyze_report
Could you provide insights on the overall health report?,analyze_report
Give me an analysis of my health checkup results.,analyze_report
What does my cholesterol report say?,analyze_report
What does my cholesterol report say?,analyze_report
Do I need to be concerned about my sugar test results?,analyze_report
Could you provide insights on the overall health report?,analyze_report
Do I need to be concerned about my sugar test results?,analyze_report
Can you provide insights on my overall health report?,analyze_report
How do We interpret the latest medical report?,analyze_report
Do I need to be concerned about my sugar test results?,analyze_report
I need insights on my latest MRI report.,analyze_report
Give me an analysis of my health checkup results.,analyze_report
How do I interpret my latest medical report?,analyze_report
Could you analyze the blood test results?,analyze_report
Check my ECG report and give me feedback.,analyze_report
Can you provide insights on my overall health report?,analyze_report
How do We interpret the latest medical report?,analyze_report
"I have uploaded my blood work, what does it indicate?",analyze_report
How do I add new documents to my profile?,upload_record
Can I upload my health screening documents here?,upload_record
We need to update the medical file with new records.,upload_record
I want to provide my medical history records.,upload_record
Can I upload my health screening documents here?,upload_record
How do I share my thyroid test results with you?,upload_record
How do I share my thyroid test results with you?,upload_record
Where can I submit my MRI results?,upload_record
How do I share my thyroid test results with you?,upload_record
We want to provide the medical history records.,upload_record
How do I share my thyroid test results with you?,upload_record
I want to provide my medical history records.,upload_record
I want to provide my medical history records.,upload_record
Where can I submit my MRI results?,upload_record
I want to provide my medical history records.,upload_record
I have some past medical records to upload.,upload_record
I have some past medical records to upload.,upload_record
How do I add new documents to my profile?,upload_record
We have some past medical records to upload.,upload_record
"We’m sending the ECG report, please check it.",upload_record
I need to upload my latest blood test report.,upload_record
How do We share the thyroid test results with you?,upload_record
Uploading my sugar test results for analysis.,upload_record
Can I upload my health screening documents here?,upload_record
Where can I submit my MRI results?,upload_record
We have some past medical records to upload.,upload_record
How do I share my thyroid test results with you?,upload_record
I want to provide my medical history records.,upload_record
"I’m sending my ECG report, please check it.",upload_record
"We’m sending the ECG report, please check it.",upload_record
Where can We submit the MRWe results?,upload_record
How do I share my thyroid test results with you?,upload_record
We have some past medical records to upload.,upload_record
Uploading my sugar test results for analysis.,upload_record
Can I upload my health screening documents here?,upload_record
Can I upload my health screening documents here?,upload_record
"I’m sending my ECG report, please check it.",upload_record
"I’m sending my ECG report, please check it.",upload_record
I need to upload my latest blood test report.,upload_record
I want to provide my medical history records.,upload_record
Where can I submit my MRI results?,upload_record
Uploading my sugar test results for analysis.,upload_record
"We’m sending the ECG report, please check it.",upload_record
"We’m sending the ECG report, please check it.",upload_record
"We’m sending the ECG report, please check it.",upload_record
We want to provide the medical history records.,upload_record
Can I upload my health screening documents here?,upload_record
I need to update my medical file with new records.,upload_record
How do I share my thyroid test results with you?,upload_record
We need to upload the latest blood test report.,upload_record
How do I share my thyroid test results with you?,upload_record
We need to update the medical file with new records.,upload_record
Uploading my sugar test results for analysis.,upload_record
I need to upload my latest blood test report.,upload_record
I need to upload my latest blood test report.,upload_record
We want to provide the medical history records.,upload_record
We have some past medical records to upload.,upload_record
"I’m sending my ECG report, please check it.",upload_record
How do I share my thyroid test results with you?,upload_record
How do We add new documents to the profile?,upload_record
I have some past medical records to upload.,upload_record
Where can I submit my MRI results?,upload_record
Where can We submit the MRWe results?,upload_record
Uploading my sugar test results for analysis.,upload_record
Uploading my sugar test results for analysis.,upload_record
I have some past medical records to upload.,upload_record
"I’m sending my ECG report, please check it.",upload_record
We need to update the medical file with new records.,upload_record
"We’m sending the ECG report, please check it.",upload_record
I have some past medical records to upload.,upload_record
How do I share my thyroid test results with you?,upload_record
How do I add new documents to my profile?,upload_record
We have some past medical records to upload.,upload_record
I want to provide my medical history records.,upload_record
Uploading my sugar test results for analysis.,upload_record
I need to update my medical file with new records.,upload_record
I have some past medical records to upload.,upload_record
"We’m sending the ECG report, please check it.",upload_record
We want to provide the medical history records.,upload_record
I need to upload my latest blood test report.,upload_record
I have some past medical records to upload.,upload_record
I want to provide my medical history records.,upload_record
Where can I submit my MRI results?,upload_record
Uploading the sugar test results for analysis.,upload_record
I need to update my medical file with new records.,upload_record
I need to upload my latest blood test report.,upload_record
Can I upload my health screening documents here?,upload_record
Where can I submit my MRI results?,upload_record
How do We add new documents to the profile?,upload_record
How do I share my thyroid test results with you?,upload_record
I want to provide my medical history records.,upload_record
We want to provide the medical history records.,upload_record
"I’m sending my ECG report, please check it.",upload_record
I have some past medical records to upload.,upload_record
How do I add new documents to my profile?,upload_record
I need to upload my latest blood test report.,upload_record
"I’m sending my ECG report, please check it.",upload_record
I need to upload my latest blood test report.,upload_record
How do We add new documents to the profile?,upload_record
Where can I submit my MRI results?,upload_record
"I’m sending my ECG report, please check it.",upload_record
Where can I submit my MRI results?,upload_record
I need to update my medical file with new records.,upload_record
We want to provide the medical history records.,upload_record
Uploading my sugar test results for analysis.,upload_record
Uploading my sugar test results for analysis.,upload_record
How do I add new documents to my profile?,upload_record
I want to provide my medical history records.,upload_record
How do I add new documents to my profile?,upload_record
Where can I submit my MRI results?,upload_record
We need to upload the latest blood test report.,upload_record
How do I share my thyroid test results with you?,upload_record
We want to provide the medical history records.,upload_record
We want to provide the medical history records.,upload_record
Uploading my sugar test results for analysis.,upload_record
I need to upload my latest blood test report.,upload_record
I need to upload my latest blood test report.,upload_record
How do I add new documents to my profile?,upload_record
Uploading my sugar test results for analysis.,upload_record
Where can I submit my MRI results?,upload_record
I want to provide my medical history records.,upload_record
I have some past medical records to upload.,upload_record
I have some past medical records to upload.,upload_record
I want to provide my medical history records.,upload_record
How do I share my thyroid test results with you?,upload_record
I need to upload my latest blood test report.,upload_record
I need to upload my latest blood test report.,upload_record
How do I add new documents to my profile?,upload_record
Uploading my sugar test results for analysis.,upload_record
"We’m sending the ECG report, please check it.",upload_record
Can I upload my health screening documents here?,upload_record
"We’m sending the ECG report, please check it.",upload_record
How do I add new documents to my profile?,upload_record
I want to provide my medical history records.,upload_record
Where can I submit my MRI results?,upload_record
How do I share my thyroid test results with you?,upload_record
I want to provide my medical history records.,upload_record
"I’m sending my ECG report, please check it.",upload_record
How do I share my thyroid test results with you?,upload_record
Where can I submit my MRI results?,upload_record
Uploading my sugar test results for analysis.,upload_record
Where can I submit my MRI results?,upload_record
How do I share my thyroid test results with you?,upload_record
Where can I submit my MRI results?,upload_record
"I’m sending my ECG report, please check it.",upload_record
I have some past medical records to upload.,upload_record
Where can I submit my MRI results?,upload_record
How do I share my thyroid test results with you?,upload_record
Can We upload the health screening documents here?,upload_record
I have some past medical records to upload.,upload_record
We need to upload the latest blood test report.,upload_record
Where can We submit the MRWe results?,upload_record
I want to provide my medical history records.,upload_record
"I’m sending my ECG report, please check it.",upload_record
Uploading the sugar test results for analysis.,upload_record
Can I upload my health screening documents here?,upload_record
"We’m sending the ECG report, please check it.",upload_record
We want to provide the medical history records.,upload_record
I have some past medical records to upload.,upload_record
How do I add new documents to my profile?,upload_record
Can I upload my health screening documents here?,upload_record
"We’m sending the ECG report, please check it.",upload_record
I have some past medical records to upload.,upload_record
I want to provide my medical history records.,upload_record
Can I upload my health screening documents here?,upload_record
We need to update the medical file with new records.,upload_record
We have some past medical records to upload.,upload_record
I have some past medical records to upload.,upload_record
I need to update my medical file with new records.,upload_record
Where can I submit my MRI results?,upload_record
I need to upload my latest blood test report.,upload_record
I have some past medical records to upload.,upload_record
"I’m sending my ECG report, please check it.",upload_record
We need to upload the latest blood test report.,upload_record
I have some past medical records to upload.,upload_record
How do I add new documents to my profile?,upload_record
"We’m sending the ECG report, please check it.",upload_record
Where can I submit my MRI results?,upload_record
Can I upload my health screening documents here?,upload_record
"We’m sending the ECG report, please check it.",upload_record
"I’m sending my ECG report, please check it.",upload_record
I need to update my medical file with new records.,upload_record
"We’m sending the ECG report, please check it.",upload_record
Where can We submit the MRWe results?,upload_record
How do I add new documents to my profile?,upload_record
Uploading my sugar test results for analysis.,upload_record
I need to upload my latest blood test report.,upload_record
I have some past medical records to upload.,upload_record
How do I add new documents to my profile?,upload_record
Uploading my sugar test results for analysis.,upload_record
I need to upload my latest blood test report.,upload_record
I want to provide my medical history records.,upload_record
I have some past medical records to upload.,upload_record
Can I upload my health screening documents here?,upload_record
I need to update my medical file with new records.,upload_record
I want to provide my medical history records.,upload_record
I want to provide my medical history records.,upload_record
Can I upload my health screening documents here?,upload_record
Can I upload my health screening documents here?,upload_record
I need to update my medical file with new records.,upload_record
Get the last sugar level test details.,retrieve_record
I need a copy of my latest medical report.,retrieve_record
I need a copy of my latest medical report.,retrieve_record
Show me my cholesterol test history.,retrieve_record
Show me my cholesterol test history.,retrieve_record
Can I get my MRI results from last month?,retrieve_record
Can We get the MRWe results from last month?,retrieve_record
I need to access my previous health checkup records.,retrieve_record
"I lost my medical documents, can I recover them?",retrieve_record
We need a copy of the latest medical report.,retrieve_record
Fetch my recent blood test report.,retrieve_record
Can you pull up my past health screening data?,retrieve_record
Retrieve my thyroid screening reports.,retrieve_record
I need a copy of my latest medical report.,retrieve_record
I need to access my previous health checkup records.,retrieve_record
Can you pull up my past health screening data?,retrieve_record
Where can I find my ECG reports?,retrieve_record
Fetch my recent blood test report.,retrieve_record
Retrieve my thyroid screening reports.,retrieve_record
I need a copy of my latest medical report.,retrieve_record
Where can We find the ECG reports?,retrieve_record
Fetch my recent blood test report.,retrieve_record
Could you pull up the past health screening data?,retrieve_record
Fetch my recent blood test report.,retrieve_record
Where can I find my ECG reports?,retrieve_record
Show me my cholesterol test history.,retrieve_record
I need a copy of my latest medical report.,retrieve_record
I need a copy of my latest medical report.,retrieve_record
I need a copy of my latest medical report.,retrieve_record
Can you pull up my past health screening data?,retrieve_record
Show me my cholesterol test history.,retrieve_record
Can I get my MRI results from last month?,retrieve_record
Can I get my MRI results from last month?,retrieve_record
Show me my cholesterol test history.,retrieve_record
I need to access my previous health checkup records.,retrieve_record
Show me my cholesterol test history.,retrieve_record
Fetch the recent blood test report.,retrieve_record
Where can I find my ECG reports?,retrieve_record
I need a copy of my latest medical report.,retrieve_record
Can We get the MRWe results from last month?,retrieve_record
Show me my cholesterol test history.,retrieve_record
Show me my cholesterol test history.,retrieve_record
"We lost the medical documents, can We recover them?",retrieve_record
Retrieve my thyroid screening reports.,retrieve_record
Get my last sugar level test details.,retrieve_record
I need a copy of my latest medical report.,retrieve_record
We need a copy of the latest medical report.,retrieve_record
"I lost my medical documents, can I recover them?",retrieve_record
Show me my cholesterol test history.,retrieve_record
Fetch my recent blood test report.,retrieve_record
Can you pull up my past health screening data?,retrieve_record
I need a copy of my latest medical report.,retrieve_record
"I lost my medical documents, can I recover them?",retrieve_record
Can We get the MRWe results from last month?,retrieve_record
I need a copy of my latest medical report.,retrieve_record
We need to access the previous health checkup records.,retrieve_record
We need a copy of the latest medical report.,retrieve_record
Show me my cholesterol test history.,retrieve_record
"We lost the medical documents, can We recover them?",retrieve_record
Retrieve my thyroid screening reports.,retrieve_record
Where can I find my ECG reports?,retrieve_record
Can you pull up my past health screening data?,retrieve_record
Where can I find my ECG reports?,retrieve_record
Retrieve my thyroid screening reports.,retrieve_record
Fetch the recent blood test report.,retrieve_record
We need a copy of the latest medical report.,retrieve_record
Where can I find my ECG reports?,retrieve_record
"I lost my medical documents, can I recover them?",retrieve_record
We need to access the previous health checkup records.,retrieve_record
Where can I find my ECG reports?,retrieve_record
We need a copy of the latest medical report.,retrieve_record
Where can I find my ECG reports?,retrieve_record
I need a copy of my latest medical report.,retrieve_record
I need to access my previous health checkup records.,retrieve_record
Fetch my recent blood test report.,retrieve_record
I need a copy of my latest medical report.,retrieve_record
Could you pull up the past health screening data?,retrieve_record
Fetch my recent blood test report.,retrieve_record
Retrieve my thyroid screening reports.,retrieve_record
"I lost my medical documents, can I recover them?",retrieve_record
Can you pull up my past health screening data?,retrieve_record
Retrieve my thyroid screening reports.,retrieve_record
We need a copy of the latest medical report.,retrieve_record
We need to access the previous health checkup records.,retrieve_record
I need to access my previous health checkup records.,retrieve_record
"I lost my medical documents, can I recover them?",retrieve_record
I need to access my previous health checkup records.,retrieve_record
Can We get the MRWe results from last month?,retrieve_record
Where can I find my ECG reports?,retrieve_record
Can you pull up my past health screening data?,retrieve_record
Can We get the MRWe results from last month?,retrieve_record
Fetch the recent blood test report.,retrieve_record
We need a copy of the latest medical report.,retrieve_record
Get the last sugar level test details.,retrieve_record
Could you pull up the past health screening data?,retrieve_record
Where can I find my ECG reports?,retrieve_record
I need to access my previous health checkup records.,retrieve_record
Can you pull up my past health screening data?,retrieve_record
We need a copy of the latest medical report.,retrieve_record
I need to access my previous health checkup records.,retrieve_record
Show me the cholesterol test history.,retrieve_record
I need a copy of my latest medical report.,retrieve_record
Show me my cholesterol test history.,retrieve_record
Get my last sugar level test details.,retrieve_record
"I lost my medical documents, can I recover them?",retrieve_record
Get my last sugar level test details.,retrieve_record
Get my last sugar level test details.,retrieve_record
I need to access my previous health checkup records.,retrieve_record
Get my last sugar level test details.,retrieve_record
Fetch the recent blood test report.,retrieve_record
I need to access my previous health checkup records.,retrieve_record
Show me the cholesterol test history.,retrieve_record
"We lost the medical documents, can We recover them?",retrieve_record
"I lost my medical documents, can I recover them?",retrieve_record
I need a copy of my latest medical report.,retrieve_record
Can I get my MRI results from last month?,retrieve_record
Where can I find my ECG reports?,retrieve_record
"I lost my medical documents, can I recover them?",retrieve_record
Get my last sugar level test details.,retrieve_record
Where can We find the ECG reports?,retrieve_record
"I lost my medical documents, can I recover them?",retrieve_record
Where can I find my ECG reports?,retrieve_record
Retrieve my thyroid screening reports.,retrieve_record
Can We get the MRWe results from last month?,retrieve_record
Could you pull up the past health screening data?,retrieve_record
Retrieve my thyroid screening reports.,retrieve_record
Can I get my MRI results from last month?,retrieve_record
I need a copy of my latest medical report.,retrieve_record
Where can I find my ECG reports?,retrieve_record
Where can We find the ECG reports?,retrieve_record
Fetch the recent blood test report.,retrieve_record
Where can We find the ECG reports?,retrieve_record
We need a copy of the latest medical report.,retrieve_record
We need a copy of the latest medical report.,retrieve_record
Fetch my recent blood test report.,retrieve_record
Fetch my recent blood test report.,retrieve_record
I need a copy of my latest medical report.,retrieve_record
I need a copy of my latest medical report.,retrieve_record
Where can I find my ECG reports?,retrieve_record
"I lost my medical documents, can I recover them?",retrieve_record
Retrieve my thyroid screening reports.,retrieve_record
Show me my cholesterol test history.,retrieve_record
Can We get the MRWe results from last month?,retrieve_record
Retrieve my thyroid screening reports.,retrieve_record
I need a copy of my latest medical report.,retrieve_record
I need a copy of my latest medical report.,retrieve_record
Where can We find the ECG reports?,retrieve_record
We need to access the previous health checkup records.,retrieve_record
I need a copy of my latest medical report.,retrieve_record
Where can I find my ECG reports?,retrieve_record
Fetch my recent blood test report.,retrieve_record
Where can I find my ECG reports?,retrieve_record
"I lost my medical documents, can I recover them?",retrieve_record
Can you pull up my past health screening data?,retrieve_record
Get my last sugar level test details.,retrieve_record
Retrieve the thyroid screening reports.,retrieve_record
Retrieve my thyroid screening reports.,retrieve_record
Fetch my recent blood test report.,retrieve_record
Retrieve my thyroid screening reports.,retrieve_record
Where can We find the ECG reports?,retrieve_record
Can I get my MRI results from last month?,retrieve_record
Retrieve my thyroid screening reports.,retrieve_record
Get the last sugar level test details.,retrieve_record
Fetch my recent blood test report.,retrieve_record
"I lost my medical documents, can I recover them?",retrieve_record
Retrieve my thyroid screening reports.,retrieve_record
Get the last sugar level test details.,retrieve_record
Fetch the recent blood test report.,retrieve_record
I need to access my previous health checkup records.,retrieve_record
Get my last sugar level test details.,retrieve_record
"I lost my medical documents, can I recover them?",retrieve_record
Can I get my MRI results from last month?,retrieve_record
We need to access the previous health checkup records.,retrieve_record
Get my last sugar level test details.,retrieve_record
Get the last sugar level test details.,retrieve_record
Can you pull up my past health screening data?,retrieve_record
I need a copy of my latest medical report.,retrieve_record
Fetch my recent blood test report.,retrieve_record
Fetch my recent blood test report.,retrieve_record
I need to access my previous health checkup records.,retrieve_record
Can We get the MRWe results from last month?,retrieve_record
Get my last sugar level test details.,retrieve_record
Get my last sugar level test details.,retrieve_record
Retrieve my thyroid screening reports.,retrieve_record
Could you pull up the past health screening data?,retrieve_record
"We lost the medical documents, can We recover them?",retrieve_record
Get my last sugar level test details.,retrieve_record
Where can I find my ECG reports?,retrieve_record
I need a copy of my latest medical report.,retrieve_record
We need to access the previous health checkup records.,retrieve_record
We need a copy of the latest medical report.,retrieve_record
Retrieve my thyroid screening reports.,retrieve_record
Show me the cholesterol test history.,retrieve_record
Get the last sugar level test details.,retrieve_record
Fetch the recent blood test report.,retrieve_record
Can I get my MRI results from last month?,retrieve_record
"I lost my medical documents, can I recover them?",retrieve_record
Show me the cholesterol test history.,retrieve_record
Can you pull up my past health screening data?,retrieve_record
Can I get my MRI results from last month?,retrieve_record
